cell	nk	T	Zxx_mean	Zyy_mean	Zzz_mean	max_offdiag	sumZxx	D_xx	Dt_xx	resid_D	resid_Dt	t_s
prim	4	0.0100	-0.035326	-0.035326	-0.035326	6.22e-12	-0.035326	6.399843	6.736473	-6.435169	-6.771800	39
prim	6	0.0100	2.176704	2.176704	2.176704	2.06e-13	2.176704	0.859744	0.895014	+1.316959	+1.281690	39
prim	8	0.0100	1.666531	1.666531	1.666531	1.63e-12	1.666531	1.786408	1.888835	-0.119877	-0.222304	92
prim	10	0.0100	1.715473	1.715473	1.715473	5.30e-13	1.715473	2.470236	2.615972	-0.754763	-0.900499	178
prim	12	0.0100	2.068082	2.068082	2.068082	1.09e-13	2.068082	1.853368	1.951778	+0.214714	+0.116304	304
prim	16	0.0100	2.067219	2.067219	2.067219	7.92e-13	2.067219	1.683685	1.773945	+0.383534	+0.293273	750
conv	2	0.0100	-1.880563	-1.880563	-1.880563	2.68e-10	-7.522251	0.000008	0.000009	-7.522259	-7.522260	39
conv	3	0.0100	1.466622	1.466622	1.466622	8.57e-12	5.866489	4.591644	4.766624	+1.274844	+1.099864	120
conv	4	0.0100	1.122056	1.122056	1.122056	2.14e-11	4.488222	3.610305	3.888667	+0.877918	+0.599555	267
conv	5	0.0100	1.650430	1.650430	1.650430	2.38e-12	6.601719	6.521179	6.870741	+0.080539	-0.269023	542
conv	6	0.0100	1.770623	1.770623	1.770623	1.01e-12	7.082491	5.436635	5.736270	+1.645856	+1.346221	897
