L	Ecut	atom	method	alpha	beta	Z
12	20	1	velocity	1	1	-0.438785
12	20	1	velocity	1	2	-0.000000
12	20	1	velocity	1	3	-0.000000
12	20	1	velocity	2	1	-0.000000
12	20	1	velocity	2	2	-0.272622
12	20	1	velocity	2	3	-0.000000
12	20	1	velocity	3	1	-0.000000
12	20	1	velocity	3	2	0.000000
12	20	1	velocity	3	3	-0.603294
12	20	1	length	1	1	-0.506117
12	20	1	length	1	2	-0.000080
12	20	1	length	1	3	-0.000000
12	20	1	length	2	1	0.000000
12	20	1	length	2	2	-0.321933
12	20	1	length	2	3	0.000000
12	20	1	length	3	1	-0.000000
12	20	1	length	3	2	0.000026
12	20	1	length	3	3	-0.611410
12	20	2	velocity	1	1	0.241606
12	20	2	velocity	1	2	-0.045224
12	20	2	velocity	1	3	-0.000000
12	20	2	velocity	2	1	-0.092367
12	20	2	velocity	2	2	0.144189
12	20	2	velocity	2	3	-0.000000
12	20	2	velocity	3	1	-0.000000
12	20	2	velocity	3	2	-0.000000
12	20	2	velocity	3	3	0.295112
12	20	2	length	1	1	0.255243
12	20	2	length	1	2	-0.040414
12	20	2	length	1	3	0.000000
12	20	2	length	2	1	-0.073986
12	20	2	length	2	2	0.162457
12	20	2	length	2	3	0.000000
12	20	2	length	3	1	0.000016
12	20	2	length	3	2	-0.000013
12	20	2	length	3	3	0.306954
12	20	3	velocity	1	1	0.241606
12	20	3	velocity	1	2	0.045224
12	20	3	velocity	1	3	0.000000
12	20	3	velocity	2	1	0.092367
12	20	3	velocity	2	2	0.144189
12	20	3	velocity	2	3	-0.000000
12	20	3	velocity	3	1	0.000000
12	20	3	velocity	3	2	-0.000000
12	20	3	velocity	3	3	0.295112
12	20	3	length	1	1	0.254700
12	20	3	length	1	2	0.040494
12	20	3	length	1	3	-0.000000
12	20	3	length	2	1	0.073986
12	20	3	length	2	2	0.162457
12	20	3	length	2	3	0.000000
12	20	3	length	3	1	-0.000016
12	20	3	length	3	2	-0.000013
12	20	3	length	3	3	0.306954
12	30	1	velocity	1	1	-0.482323
12	30	1	velocity	1	2	-0.000000
12	30	1	velocity	1	3	-0.000000
12	30	1	velocity	2	1	-0.000000
12	30	1	velocity	2	2	-0.325570
12	30	1	velocity	2	3	0.000000
12	30	1	velocity	3	1	-0.000000
12	30	1	velocity	3	2	0.000000
12	30	1	velocity	3	3	-0.662157
12	30	1	length	1	1	-0.513351
12	30	1	length	1	2	-0.000092
12	30	1	length	1	3	0.000000
12	30	1	length	2	1	-0.000000
12	30	1	length	2	2	-0.342953
12	30	1	length	2	3	-0.000000
12	30	1	length	3	1	-0.000000
12	30	1	length	3	2	0.000003
12	30	1	length	3	3	-0.644870
12	30	2	velocity	1	1	0.246148
12	30	2	velocity	1	2	-0.055520
12	30	2	velocity	1	3	0.000000
12	30	2	velocity	2	1	-0.092566
12	30	2	velocity	2	2	0.155684
12	30	2	velocity	2	3	0.000000
12	30	2	velocity	3	1	-0.000000
12	30	2	velocity	3	2	-0.000000
12	30	2	velocity	3	3	0.314294
12	30	2	length	1	1	0.258285
12	30	2	length	1	2	-0.051530
12	30	2	length	1	3	-0.000000
12	30	2	length	2	1	-0.078459
12	30	2	length	2	2	0.172041
12	30	2	length	2	3	-0.000000
12	30	2	length	3	1	0.000025
12	30	2	length	3	2	-0.000001
12	30	2	length	3	3	0.323244
12	30	3	velocity	1	1	0.246148
12	30	3	velocity	1	2	0.055520
12	30	3	velocity	1	3	-0.000000
12	30	3	velocity	2	1	0.092566
12	30	3	velocity	2	2	0.155684
12	30	3	velocity	2	3	0.000000
12	30	3	velocity	3	1	-0.000000
12	30	3	velocity	3	2	0.000000
12	30	3	velocity	3	3	0.314294
12	30	3	length	1	1	0.257823
12	30	3	length	1	2	0.051622
12	30	3	length	1	3	-0.000000
12	30	3	length	2	1	0.078459
12	30	3	length	2	2	0.172041
12	30	3	length	2	3	0.000000
12	30	3	length	3	1	-0.000025
12	30	3	length	3	2	-0.000001
12	30	3	length	3	3	0.323244
12	40	1	velocity	1	1	-0.505244
12	40	1	velocity	1	2	0.000000
12	40	1	velocity	1	3	-0.000000
12	40	1	velocity	2	1	-0.000000
12	40	1	velocity	2	2	-0.350690
12	40	1	velocity	2	3	-0.000000
12	40	1	velocity	3	1	0.000000
12	40	1	velocity	3	2	-0.000000
12	40	1	velocity	3	3	-0.686958
12	40	1	length	1	1	-0.527100
12	40	1	length	1	2	-0.000076
12	40	1	length	1	3	-0.000000
12	40	1	length	2	1	0.000000
12	40	1	length	2	2	-0.357258
12	40	1	length	2	3	0.000000
12	40	1	length	3	1	0.000000
12	40	1	length	3	2	0.000003
12	40	1	length	3	3	-0.659302
12	40	2	velocity	1	1	0.256487
12	40	2	velocity	1	2	-0.053723
12	40	2	velocity	1	3	0.000000
12	40	2	velocity	2	1	-0.086213
12	40	2	velocity	2	2	0.166573
12	40	2	velocity	2	3	0.000000
12	40	2	velocity	3	1	0.000000
12	40	2	velocity	3	2	0.000000
12	40	2	velocity	3	3	0.323464
12	40	2	length	1	1	0.264894
12	40	2	length	1	2	-0.051966
12	40	2	length	1	3	0.000000
12	40	2	length	2	1	-0.076409
12	40	2	length	2	2	0.179027
12	40	2	length	2	3	0.000000
12	40	2	length	3	1	0.000020
12	40	2	length	3	2	-0.000002
12	40	2	length	3	3	0.330308
12	40	3	velocity	1	1	0.256487
12	40	3	velocity	1	2	0.053723
12	40	3	velocity	1	3	-0.000000
12	40	3	velocity	2	1	0.086213
12	40	3	velocity	2	2	0.166573
12	40	3	velocity	2	3	0.000000
12	40	3	velocity	3	1	0.000000
12	40	3	velocity	3	2	0.000000
12	40	3	velocity	3	3	0.323464
12	40	3	length	1	1	0.264513
12	40	3	length	1	2	0.052042
12	40	3	length	1	3	0.000000
12	40	3	length	2	1	0.076409
12	40	3	length	2	2	0.179027
12	40	3	length	2	3	-0.000000
12	40	3	length	3	1	-0.000020
12	40	3	length	3	2	-0.000002
12	40	3	length	3	3	0.330308
